Workbook

Sheet Hybrid Calculator
A1: HYBRID PHYSICS–MACHINE LEARNING IMPULSE GENERATOR OPTIMISER
A2: 400 kV Insulators · Lightning 1.2/50 µs and Switching 250/2500 µs · Original generator constraints + synthetic ML residual correction
A4: USER INPUT | B4: VALUE | D4: PHYSICS LAYER | E4: RESULT | G4: ML RESIDUAL CORRECTION | H4: PREDICTION
A5: Maximum system voltage (kV) | B5: 400 | D5: Target front/peak time (µs) | E5: =IF(B6="Lightning",1.2,250) -> 1.2 | G5: Algorithm | H5: kNN residual regression (k=7)
A6: Impulse type | B6: Lightning | D6: Target tail time (µs) | E6: =IF(B6="Lightning",50,2500) -> 50 | G6: ML front/peak time (µs) | H6: =E18+SUMPRODUCT('ML Helper'!$N$2:$N$1401,'ML Helper'!$O$2:$O$1401)/SUM('ML Helper'!$O$2:$O$1401) -> 1.2048966
A7: Required test voltage (kV) | B7: 1425 | D7: Total load capacitance (pF) | E7: =SUM(B8:B10) -> 1500 | G7: ML tail time (µs) | H7: =E19+SUMPRODUCT('ML Helper'!$P$2:$P$1401,'ML Helper'!$O$2:$O$1401)/SUM('ML Helper'!$O$2:$O$1401) -> 51.963709
A8: Insulator/load capacitance (pF) | B8: 850 | D8: Required stages | E8: =CEILING(B7/(B14*B12),1) -> 9 | G8: ML crest voltage (kV) | H8: =E20+SUMPRODUCT('ML Helper'!$Q$2:$Q$1401,'ML Helper'!$O$2:$O$1401)/SUM('ML Helper'!$O$2:$O$1401) -> 1432.9466
A9: Divider capacitance (pF) | B9: 500 | D9: Charging voltage/stage (kV) | E9: =B7/(B12*E8) -> 193.08943 | G9: Front/peak correction | H9: =H6-E18 -> -0.0051333095
A10: Stray capacitance (pF) | B10: 150 | D10: Stage utilization | E10: =E9/B14 -> 0.96544715 | G10: Tail correction | H10: =H7-E19 -> -0.24517891
A11: Stray inductance (µH) | B11: 18.5 | D11: Generator capacitance C1 (µF) | E11: =B15/E8 -> 0.33333333 | G11: Crest correction | H11: =H8-E20 -> 7.946585
A12: Expected efficiency | B12: 0.82 | D12: Theoretical total front R (Ω) | E12: =SQRT(MAX(0.000000000000000001,((E5/1000000)/1.67)^2-2.5*(B11/1000000)*(E7/1000000000000)))/(E7/1000000000000) -> 445.69925 | G12: Physics-feasible? | H12: =IF(AND(E8<=B13,E9<=B14),"YES","NO") -> YES
A13: Maximum stages | B13: 15 | D13: Theoretical front R/stage (Ω) | E13: =E12/E8 -> 49.522139 | G13: Waveform-compliant? | H13: =IF(AND(H6>=IF(B6="Lightning",0.84,200),H6<=IF(B6="Lightning",1.56,300),H7>=E6*0.8,H7<=E6*1.2,ABS(H8/B7-1)<=0.03),"YES","NO") -> YES
A14: Maximum stage voltage (kV) | B14: 200 | D14: Selected front R/stage (Ω) | E14: =ROUND(E13/5,0)*5 -> 50 | G14: Hybrid recommendation | H14: =IF(AND(H12="YES",H13="YES"),"PASS — RECOMMENDED","REVIEW — NOT RECOMMENDED") -> PASS — RECOMMENDED
A15: Stage capacitance (µF) | B15: 3 | D15: Theoretical total tail R (Ω) | E15: =(E6/1000000)/(0.693*((E11/1000000)+(E7/1000000000000))) -> 215.48055
D16: Theoretical tail R/stage (Ω) | E16: =E15/E8 -> 23.942284
A17: SELECTED PRACTICAL RESISTORS | B17: VALUE | D17: Selected tail R/stage (Ω) | E17: =ROUND(E16/5,0)*5 -> 25
A18: Front resistance per stage (Ω) | B18: =ROUND(E14/5,0)*5 -> 50 | D18: Physics front/peak time (µs) | E18: =1.67*SQRT(((E14*E8)*(E7/1000000000000))^2+2.5*(B11/1000000)*(E7/1000000000000))*1000000 -> 1.21003
A19: Front units per stage | B19: =1 -> 1 | D19: Physics tail time (µs) | E19: =0.693*(E17*E8)*((E11/1000000)+(E7/1000000000000))*1000000 -> 52.208887
A20: Tail resistance per stage (Ω) | B20: =ROUND(E17/5,0)*5 -> 25 | D20: Physics crest voltage (kV) | E20: =B7 -> 1425
A21: Tail units per stage | B21: =1 -> 1

Sheet Resistor Inventory
A1: EDITABLE PRACTICAL RESISTOR INVENTORY
A3: Front value (Ω) | B3: Units available/stage | E3: Tail value (Ω) | F3: Units available/stage
A4: 10 | B4: 4 | E4: 5 | F4: 4
A5: 20 | B5: 4 | E5: 10 | F5: 4
A6: 30 | B6: 4 | E6: 15 | F6: 4
A7: 50 | B7: 4 | E7: 20 | F7: 4
A8: 75 | B8: 4 | E8: 25 | F8: 4
A9: 100 | B9: 4 | E9: 30 | F9: 4
A10: 150 | B10: 4 | E10: 40 | F10: 4
A11: 200 | B11: 4 | E11: 50 | F11: 4
A12: 300 | B12: 4 | E12: 75 | F12: 4
A13: 500 | B13: 4 | E13: 100 | F13: 4
E14: 150 | F14: 4
E15: 200 | F15: 4

Sheet Synthetic Dataset
A1: ID | B1: Split | C1: Impulse_Type | D1: Test_kV | E1: Load_C_pF | F1: Divider_C_pF | G1: Stray_C_pF | H1: L_uH | I1: Efficiency | J1: Stages | K1: Charge_kV_Stage | L1: Front_R_Stage | M1: Tail_R_Stage | N1: Physics_FrontPeak_us | O1: Physics_Tail_us | P1: Physics_Crest_kV | Q1: Observed_FrontPeak_us | R1: Observed_Tail_us | S1: Observed_Crest_kV | T1: Residual_FrontPeak | U1: Residual_Tail | V1: Residual_Crest
A2: 1 | B2: Train | C2: Lightning | D2: 1404.4983 | E2: 796.90735 | F2: 383.98521 | G2: 163.87699 | H2: 21.277431 | I2: 0.83745394 | J2: 9 | K2: 186.34501 | L2: 55 | M2: 25 | N2: 1.1980287 | O2: 52.184683 | P2: 1404.4983 | Q2: 1.1781494 | R2: 51.851992 | S2: 1413.7931 | T2: -0.019879299 | U2: -0.33269164 | V2: 9.2948709
A3: 2 | B3: Train | C3: Lightning | D3: 1465.0107 | E3: 802.25135 | F3: 369.63737 | G3: 199.8652 | H3: 24.446143 | I3: 0.80132589 | J3: 10 | K3: 182.82333 | L3: 50 | M3: 25 | N3: 1.243295 | O3: 52.212656 | P3: 1465.0107 | Q3: 1.2376455 | R3: 52.080907 | S3: 1473.6412 | T3: -0.00564957 | U3: -0.1317489 | V3: 8.6305474
A4: 3 | B4: Train | C4: Lightning | D4: 1392.5916 | E4: 693.86743 | F4: 623.59328 | G4: 170.78227 | H4: 22.082605 | I4: 0.81353037 | J4: 9 | K4: 190.19868 | L4: 50 | M4: 25 | N4: 1.2165481 | O4: 52.207054 | P4: 1392.5916 | Q4: 1.2053055 | R4: 50.730527 | S4: 1387.1979 | T4: -0.011242618 | U4: -1.4765275 | V4: -5.3937075
A5: 4 | B5: Train | C5: Lightning | D5: 1401.1213 | E5: 783.6022 | F5: 411.93385 | G5: 160.44351 | H5: 11.087711 | I5: 0.80253169 | J5: 9 | K5: 193.98629 | L5: 55 | M5: 25 | N5: 1.1667427 | O5: 52.186431 | P5: 1401.1213 | Q5: 1.1656349 | R5: 52.691512 | S5: 1416.8504 | T5: -0.0011077657 | U5: 0.50508124 | V5: 15.729062
A6: 5 | B6: Train | C6: Lightning | D6: 1358.6079 | E6: 628.55786 | F6: 518.21405 | G6: 197.54132 | H6: 9.6243626 | I6: 0.85130778 | J6: 8 | K6: 199.48836 | L6: 65 | M6: 25 | N6: 1.2054188 | O6: 52.161322 | P6: 1358.6079 | Q6: 1.2060369 | R6: 50.90946 | S6: 1373.2449 | T6: 0.00061801864 | U6: -1.2518622 | V6: 14.637008
A7: 6 | B7: Train | C7: Lightning | D7: 1433.5841 | E7: 1000.2758 | F7: 534.63837 | G7: 127.03793 | H7: 17.79469 | I7: 0.83950954 | J7: 9 | K7: 189.73831 | L7: 45 | M7: 25 | N7: 1.2123162 | O7: 52.23414 | P7: 1433.5841 | Q7: 1.205504 | R7: 53.276967 | S7: 1429.809 | T7: -0.0068122159 | U7: 1.042827 | V7: -3.7750166
A8: 7 | B8: Train | C8: Lightning | D8: 1492.9545 | E8: 1073.0426 | F8: 463.78661 | G8: 300.64811 | H8: 17.704083 | I8: 0.81402156 | J8: 10 | K8: 183.40479 | L8: 35 | M8: 25 | N8: 1.1748621 | O8: 52.293343 | P8: 1492.9545 | Q8: 1.1719382 | R8: 53.673365 | S8: 1490.1251 | T8: -0.0029239085 | U8: 1.3800222 | V8: -2.8294299
A9: 8 | B9: Train | C9: Lightning | D9: 1443.9684 | E9: 697.49324 | F9: 624.53908 | G9: 119.40401 | H9: 9.9313745 | I9: 0.82265632 | J9: 9 | K9: 195.0279 | L9: 55 | M9: 25 | N9: 1.2327344 | O9: 52.199756 | P9: 1443.9684 | Q9: 1.2358709 | R9: 50.902917 | S9: 1450.1865 | T9: 0.0031365261 | U9: -1.2968388 | V9: 6.2180633
A10: 9 | B10: Train | C10: Lightning | D10: 1408.1499 | E10: 878.30832 | F10: 479.18523 | G10: 169.9361 | H10: 24.896159 | I10: 0.82088067 | J10: 9 | K10: 190.60152 | L10: 45 | M10: 25 | N10: 1.1542889 | O10: 52.213164 | P10: 1408.1499 | Q10: 1.1453393 | R10: 51.09449 | S10: 1403.0719 | T10: -0.0089495524 | U10: -1.1186749 | V10: -5.0779964
A11: 10 | B11: Train | C11: Lightning | D11: 1364.8115 | E11: 1213.6572 | F11: 514.99787 | G11: 310.45866 | H11: 9.2673617 | I11: 0.79790574 | J11: 9 | K11: 190.05468 | L11: 35 | M11: 25 | N11: 1.1324263 | O11: 52.292949 | P11: 1364.8115 | Q11: 1.1418186 | R11: 52.859395 | S11: 1361.2269 | T11: 0.0093922335 | U11: 0.5664457 | V11: -3.5845701
A12: 11 | B12: Train | C12: Lightning | D12: 1481.3125 | E12: 1078.0146 | F12: 651.45331 | G12: 244.88305 | H12: 9.2042888 | I12: 0.79008696 | J12: 10 | K12: 187.48727 | L12: 35 | M12: 25 | N12: 1.2076581 | O12: 52.317056 | P12: 1481.3125 | Q12: 1.2339671 | R12: 53.445985 | S12: 1486.3774 | T12: 0.026309075 | U12: 1.1289287 | V12: 5.0649532
A13: 12 | B13: Train | C13: Lightning | D13: 1440.3866 | E13: 687.27045 | F13: 376.8477 | G13: 303.63961 | H13: 10.185005 | I13: 0.80514873 | J13: 9 | K13: 198.7744 | L13: 55 | M13: 25 | N13: 1.1728226 | O13: 52.188268 | P13: 1440.3866 | Q13: 1.182633 | R13: 52.398548 | S13: 1450.6205 | T13: 0.0098103659 | U13: 0.21028051 | V13: 10.23389
... A2001: 2000 | B2001: Hidden Test | C2001: Switching | D2001: 1088.3319 | E2001: 1051.2758 | F2001: 707.7231 | G2001: 291.31521 | H2001: 8.1185566 | I2001: 0.80786381 | J2001: 7 | K2001: 192.45322 | L2001: 10430 | M2001: 1195 | N2001: 249.98827 | O2001: 2496.2906 | P2001: 1088.3319 | Q2001: 254.13553 | R2001: 2523.1386 | S2001: 1087.8494 | T2001: 4.1472551 | U2001: 26.848016 | V2001: -0.48254483

Sheet ML Helper
A1: Type | B1: Vtest | C1: Cload | D1: Cdiv | E1: Cstray | F1: L | G1: Eta | H1: Rf | I1: Rt | J1: Distance | K1: Rank | L1: Use | M1: Weight | N1: Residual Front/Peak | O1: Weighted residual | P1: Residual Tail | Q1: Residual Crest
A2: Lightning | B2: 1404.4983 | C2: 796.90735 | D2: 383.98521 | E2: 163.87699 | F2: 21.277431 | G2: 0.83745394 | H2: 55 | I2: 25 | J2: =(IF(A2='Hybrid Calculator'!$B$6,0,1))^2+((B2-'Hybrid Calculator'!$B$7)/1500)^2+((C2-'Hybrid Calculator'!$B$8)/1300)^2+((D2-'Hybrid Calculator'!$B$9)/800)^2+((E2-'Hybrid Calculator'!$B$10)/350)^2+((F2-'Hybrid Calculator'!$B$11)/30)^2+(G2-'Hybrid Calculator'!$B$12)^2+((H2-'Hybrid Calculator'!$E$14)/IF(A2="Lightning",100,30000))^2+((I2-'Hybrid Calculator'!$E$17)/IF(A2="Lightning",100,30000))^2 -> 0.03583301 | K2: =RANK(J2,$J$2:$J$1401,1) -> 29 | L2: =IF(K2<=7,1,0) -> 0 | M2: =IF(L2=1,1/(J2+0.000001),0) -> 0 | N2: -0.019879299 | O2: =M2 -> 0 | P2: -0.33269164 | Q2: 9.2948709
A3: Lightning | B3: 1465.0107 | C3: 802.25135 | D3: 369.63737 | E3: 199.8652 | F3: 24.446143 | G3: 0.80132589 | H3: 50 | I3: 25 | J3: =(IF(A3='Hybrid Calculator'!$B$6,0,1))^2+((B3-'Hybrid Calculator'!$B$7)/1500)^2+((C3-'Hybrid Calculator'!$B$8)/1300)^2+((D3-'Hybrid Calculator'!$B$9)/800)^2+((E3-'Hybrid Calculator'!$B$10)/350)^2+((F3-'Hybrid Calculator'!$B$11)/30)^2+(G3-'Hybrid Calculator'!$B$12)^2+((H3-'Hybrid Calculator'!$E$14)/IF(A3="Lightning",100,30000))^2+((I3-'Hybrid Calculator'!$E$17)/IF(A3="Lightning",100,30000))^2 -> 0.088546463 | K3: =RANK(J3,$J$2:$J$1401,1) -> 168 | L3: =IF(K3<=7,1,0) -> 0 | M3: =IF(L3=1,1/(J3+0.000001),0) -> 0 | N3: -0.00564957 | O3: =M3 -> 0 | P3: -0.1317489 | Q3: 8.6305474
A4: Lightning | B4: 1392.5916 | C4: 693.86743 | D4: 623.59328 | E4: 170.78227 | F4: 22.082605 | G4: 0.81353037 | H4: 50 | I4: 25 | J4: =(IF(A4='Hybrid Calculator'!$B$6,0,1))^2+((B4-'Hybrid Calculator'!$B$7)/1500)^2+((C4-'Hybrid Calculator'!$B$8)/1300)^2+((D4-'Hybrid Calculator'!$B$9)/800)^2+((E4-'Hybrid Calculator'!$B$10)/350)^2+((F4-'Hybrid Calculator'!$B$11)/30)^2+(G4-'Hybrid Calculator'!$B$12)^2+((H4-'Hybrid Calculator'!$E$14)/IF(A4="Lightning",100,30000))^2+((I4-'Hybrid Calculator'!$E$17)/IF(A4="Lightning",100,30000))^2 -> 0.056587708 | K4: =RANK(J4,$J$2:$J$1401,1) -> 76 | L4: =IF(K4<=7,1,0) -> 0 | M4: =IF(L4=1,1/(J4+0.000001),0) -> 0 | N4: -0.011242618 | O4: =M4 -> 0 | P4: -1.4765275 | Q4: -5.3937075
A5: Lightning | B5: 1401.1213 | C5: 783.6022 | D5: 411.93385 | E5: 160.44351 | F5: 11.087711 | G5: 0.80253169 | H5: 55 | I5: 25 | J5: =(IF(A5='Hybrid Calculator'!$B$6,0,1))^2+((B5-'Hybrid Calculator'!$B$7)/1500)^2+((C5-'Hybrid Calculator'!$B$8)/1300)^2+((D5-'Hybrid Calculator'!$B$9)/800)^2+((E5-'Hybrid Calculator'!$B$10)/350)^2+((F5-'Hybrid Calculator'!$B$11)/30)^2+(G5-'Hybrid Calculator'!$B$12)^2+((H5-'Hybrid Calculator'!$E$14)/IF(A5="Lightning",100,30000))^2+((I5-'Hybrid Calculator'!$E$17)/IF(A5="Lightning",100,30000))^2 -> 0.079722472 | K5: =RANK(J5,$J$2:$J$1401,1) -> 139 | L5: =IF(K5<=7,1,0) -> 0 | M5: =IF(L5=1,1/(J5+0.000001),0) -> 0 | N5: -0.0011077657 | O5: =M5 -> 0 | P5: 0.50508124 | Q5: 15.729062
A6: Lightning | B6: 1358.6079 | C6: 628.55786 | D6: 518.21405 | E6: 197.54132 | F6: 9.6243626 | G6: 0.85130778 | H6: 65 | I6: 25 | J6: =(IF(A6='Hybrid Calculator'!$B$6,0,1))^2+((B6-'Hybrid Calculator'!$B$7)/1500)^2+((C6-'Hybrid Calculator'!$B$8)/1300)^2+((D6-'Hybrid Calculator'!$B$9)/800)^2+((E6-'Hybrid Calculator'!$B$10)/350)^2+((F6-'Hybrid Calculator'!$B$11)/30)^2+(G6-'Hybrid Calculator'!$B$12)^2+((H6-'Hybrid Calculator'!$E$14)/IF(A6="Lightning",100,30000))^2+((I6-'Hybrid Calculator'!$E$17)/IF(A6="Lightning",100,30000))^2 -> 0.16095372 | K6: =RANK(J6,$J$2:$J$1401,1) -> 356 | L6: =IF(K6<=7,1,0) -> 0 | M6: =IF(L6=1,1/(J6+0.000001),0) -> 0 | N6: 0.00061801864 | O6: =M6 -> 0 | P6: -1.2518622 | Q6: 14.637008
A7: Lightning | B7: 1433.5841 | C7: 1000.2758 | D7: 534.63837 | E7: 127.03793 | F7: 17.79469 | G7: 0.83950954 | H7: 45 | I7: 25 | J7: =(IF(A7='Hybrid Calculator'!$B$6,0,1))^2+((B7-'Hybrid Calculator'!$B$7)/1500)^2+((C7-'Hybrid Calculator'!$B$8)/1300)^2+((D7-'Hybrid Calculator'!$B$9)/800)^2+((E7-'Hybrid Calculator'!$B$10)/350)^2+((F7-'Hybrid Calculator'!$B$11)/30)^2+(G7-'Hybrid Calculator'!$B$12)^2+((H7-'Hybrid Calculator'!$E$14)/IF(A7="Lightning",100,30000))^2+((I7-'Hybrid Calculator'!$E$17)/IF(A7="Lightning",100,30000))^2 -> 0.023007563 | K7: =RANK(J7,$J$2:$J$1401,1) -> 12 | L7: =IF(K7<=7,1,0) -> 0 | M7: =IF(L7=1,1/(J7+0.000001),0) -> 0 | N7: -0.0068122159 | O7: =M7 -> 0 | P7: 1.042827 | Q7: -3.7750166
A8: Lightning | B8: 1492.9545 | C8: 1073.0426 | D8: 463.78661 | E8: 300.64811 | F8: 17.704083 | G8: 0.81402156 | H8: 35 | I8: 25 | J8: =(IF(A8='Hybrid Calculator'!$B$6,0,1))^2+((B8-'Hybrid Calculator'!$B$7)/1500)^2+((C8-'Hybrid Calculator'!$B$8)/1300)^2+((D8-'Hybrid Calculator'!$B$9)/800)^2+((E8-'Hybrid Calculator'!$B$10)/350)^2+((F8-'Hybrid Calculator'!$B$11)/30)^2+(G8-'Hybrid Calculator'!$B$12)^2+((H8-'Hybrid Calculator'!$E$14)/IF(A8="Lightning",100,30000))^2+((I8-'Hybrid Calculator'!$E$17)/IF(A8="Lightning",100,30000))^2 -> 0.24204185 | K8: =RANK(J8,$J$2:$J$1401,1) -> 523 | L8: =IF(K8<=7,1,0) -> 0 | M8: =IF(L8=1,1/(J8+0.000001),0) -> 0 | N8: -0.0029239085 | O8: =M8 -> 0 | P8: 1.3800222 | Q8: -2.8294299
A9: Lightning | B9: 1443.9684 | C9: 697.49324 | D9: 624.53908 | E9: 119.40401 | F9: 9.9313745 | G9: 0.82265632 | H9: 55 | I9: 25 | J9: =(IF(A9='Hybrid Calculator'!$B$6,0,1))^2+((B9-'Hybrid Calculator'!$B$7)/1500)^2+((C9-'Hybrid Calculator'!$B$8)/1300)^2+((D9-'Hybrid Calculator'!$B$9)/800)^2+((E9-'Hybrid Calculator'!$B$10)/350)^2+((F9-'Hybrid Calculator'!$B$11)/30)^2+(G9-'Hybrid Calculator'!$B$12)^2+((H9-'Hybrid Calculator'!$E$14)/IF(A9="Lightning",100,30000))^2+((I9-'Hybrid Calculator'!$E$17)/IF(A9="Lightning",100,30000))^2 -> 0.12988465 | K9: =RANK(J9,$J$2:$J$1401,1) -> 275 | L9: =IF(K9<=7,1,0) -> 0 | M9: =IF(L9=1,1/(J9+0.000001),0) -> 0 | N9: 0.0031365261 | O9: =M9 -> 0 | P9: -1.2968388 | Q9: 6.2180633
A10: Lightning | B10: 1408.1499 | C10: 878.30832 | D10: 479.18523 | E10: 169.9361 | F10: 24.896159 | G10: 0.82088067 | H10: 45 | I10: 25 | J10: =(IF(A10='Hybrid Calculator'!$B$6,0,1))^2+((B10-'Hybrid Calculator'!$B$7)/1500)^2+((C10-'Hybrid Calculator'!$B$8)/1300)^2+((D10-'Hybrid Calculator'!$B$9)/800)^2+((E10-'Hybrid Calculator'!$B$10)/350)^2+((F10-'Hybrid Calculator'!$B$11)/30)^2+(G10-'Hybrid Calculator'!$B$12)^2+((H10-'Hybrid Calculator'!$E$14)/IF(A10="Lightning",100,30000))^2+((I10-'Hybrid Calculator'!$E$17)/IF(A10="Lightning",100,30000))^2 -> 0.052479071 | K10: =RANK(J10,$J$2:$J$1401,1) -> 59 | L10: =IF(K10<=7,1,0) -> 0 | M10: =IF(L10=1,1/(J10+0.000001),0) -> 0 | N10: -0.0089495524 | O10: =M10 -> 0 | P10: -1.1186749 | Q10: -5.0779964
A11: Lightning | B11: 1364.8115 | C11: 1213.6572 | D11: 514.99787 | E11: 310.45866 | F11: 9.2673617 | G11: 0.79790574 | H11: 35 | I11: 25 | J11: =(IF(A11='Hybrid Calculator'!$B$6,0,1))^2+((B11-'Hybrid Calculator'!$B$7)/1500)^2+((C11-'Hybrid Calculator'!$B$8)/1300)^2+((D11-'Hybrid Calculator'!$B$9)/800)^2+((E11-'Hybrid Calculator'!$B$10)/350)^2+((F11-'Hybrid Calculator'!$B$11)/30)^2+(G11-'Hybrid Calculator'!$B$12)^2+((H11-'Hybrid Calculator'!$E$14)/IF(A11="Lightning",100,30000))^2+((I11-'Hybrid Calculator'!$E$17)/IF(A11="Lightning",100,30000))^2 -> 0.40809445 | K11: =RANK(J11,$J$2:$J$1401,1) -> 689 | L11: =IF(K11<=7,1,0) -> 0 | M11: =IF(L11=1,1/(J11+0.000001),0) -> 0 | N11: 0.0093922335 | O11: =M11 -> 0 | P11: 0.5664457 | Q11: -3.5845701
A12: Lightning | B12: 1481.3125 | C12: 1078.0146 | D12: 651.45331 | E12: 244.88305 | F12: 9.2042888 | G12: 0.79008696 | H12: 35 | I12: 25 | J12: =(IF(A12='Hybrid Calculator'!$B$6,0,1))^2+((B12-'Hybrid Calculator'!$B$7)/1500)^2+((C12-'Hybrid Calculator'!$B$8)/1300)^2+((D12-'Hybrid Calculator'!$B$9)/800)^2+((E12-'Hybrid Calculator'!$B$10)/350)^2+((F12-'Hybrid Calculator'!$B$11)/30)^2+(G12-'Hybrid Calculator'!$B$12)^2+((H12-'Hybrid Calculator'!$E$14)/IF(A12="Lightning",100,30000))^2+((I12-'Hybrid Calculator'!$E$17)/IF(A12="Lightning",100,30000))^2 -> 0.26091223 | K12: =RANK(J12,$J$2:$J$1401,1) -> 560 | L12: =IF(K12<=7,1,0) -> 0 | M12: =IF(L12=1,1/(J12+0.000001),0) -> 0 | N12: 0.026309075 | O12: =M12 -> 0 | P12: 1.1289287 | Q12: 5.0649532
A13: Lightning | B13: 1440.3866 | C13: 687.27045 | D13: 376.8477 | E13: 303.63961 | F13: 10.185005 | G13: 0.80514873 | H13: 55 | I13: 25 | J13: =(IF(A13='Hybrid Calculator'!$B$6,0,1))^2+((B13-'Hybrid Calculator'!$B$7)/1500)^2+((C13-'Hybrid Calculator'!$B$8)/1300)^2+((D13-'Hybrid Calculator'!$B$9)/800)^2+((E13-'Hybrid Calculator'!$B$10)/350)^2+((F13-'Hybrid Calculator'!$B$11)/30)^2+(G13-'Hybrid Calculator'!$B$12)^2+((H13-'Hybrid Calculator'!$E$14)/IF(A13="Lightning",100,30000))^2+((I13-'Hybrid Calculator'!$E$17)/IF(A13="Lightning",100,30000))^2 -> 0.31170879 | K13: =RANK(J13,$J$2:$J$1401,1) -> 609 | L13: =IF(K13<=7,1,0) -> 0 | M13: =IF(L13=1,1/(J13+0.000001),0) -> 0 | N13: 0.0098103659 | O13: =M13 -> 0 | P13: 0.21028051 | Q13: 10.23389
... A1401: Switching | B1401: 1027.8349 | C1401: 1178.6048 | D1401: 725.06017 | E1401: 286.55733 | F1401: 21.153532 | G1401: 0.81961 | H1401: 9765 | I1401: 1195 | J1401: =(IF(A1401='Hybrid Calculator'!$B$6,0,1))^2+((B1401-'Hybrid Calculator'!$B$7)/1500)^2+((C1401-'Hybrid Calculator'!$B$8)/1300)^2+((D1401-'Hybrid Calculator'!$B$9)/800)^2+((E1401-'Hybrid Calculator'!$B$10)/350)^2+((F1401-'Hybrid Calculator'!$B$11)/30)^2+(G1401-'Hybrid Calculator'!$B$12)^2+((H1401-'Hybrid Calculator'!$E$14)/IF(A1401="Lightning",100,30000))^2+((I1401-'Hybrid Calculator'!$E$17)/IF(A1401="Lightning",100,30000))^2 -> 1.4795853 | K1401: =RANK(J1401,$J$2:$J$1401,1) -> 1177 | L1401: =IF(K1401<=7,1,0) -> 0 | M1401: =IF(L1401=1,1/(J1401+0.000001),0) -> 0 | N1401: 1.2140723 | O1401: =M1401 -> 0 | P1401: -9.544848 | Q1401: -8.5866122

Sheet Model Validation
A1: MODEL VALIDATION — kNN RESIDUAL REGRESSION (k=7)
A3: Output | B3: MAE | C3: RMSE | D3: MAPE | E3: R²
A4: Front_or_Peak_Time | B4: 0.8029227 | C4: 1.3268846 | D4: 0.60877374 | E4: 0.99988678
A5: Tail_Time | B5: 12.31112 | C5: 20.367283 | D5: 1.0555353 | E5: 0.99972397
A6: Crest_Voltage | B6: 4.0958318 | C6: 4.9528733 | D6: 0.33259657 | E6: 0.99942422
A8: Split | B8: Records
A9: Train | B9: 1400
A10: Validation | B10: 300
A11: Hidden Test | B11: 300
A13: Verification gate | B13: Method | C13: Status
A14: Physics constraints | B14: Stages ≤15; charge ≤200 kV/stage | C14: IMPLEMENTED
A15: Synthetic hidden test | B15: 300 reserved records | C15: IMPLEMENTED
A16: Laboratory trial shots | B16: Measured CPRI waveforms | C16: PENDING ACTUAL DATA

Sheet Model Card
A1: MODEL CARD & TECHNICAL LIMITATIONS
A3: Item | B3: Description
A4: Architecture | B4: Physics baseline + kNN residual regression + feasibility/compliance ranking
A5: Algorithm | B5: k-Nearest Neighbours residual regression (k=7)
A6: Training data | B6: 1,400 representative synthetic cases constrained by original generator ratings
A7: Validation | B7: 300 synthetic validation cases
A8: Hidden test | B8: 300 synthetic hidden-test cases
A9: Targets | B9: Crest voltage, front/peak time and tail time
A10: Purpose | B10: Correct physics baseline and rank feasible resistor configurations
A11: Not claimed | B11: No laboratory validation has been completed
A12: Required next step | B12: Replace/refine synthetic residual patterns using actual reduced-voltage trial-shot data
